{
    "uvs":[],
    "faces":[33,0,1,3,2,0,0,0,0,33,2,3,7,6,1,1,1,1,33,6,7,5,4,2,2,2,2,33,1,0,4,5,3,3,3,3,33,4,0,2,6,4,4,4,4,33,7,3,1,5,5,5,5,5],
    "metadata":{
        "uvs":0,
        "faces":6,
        "version":3,
        "vertices":8,
        "generator":"io_three",
        "normals":6,
        "type":"Geometry"
    },
    "normals":[-1,0,0,0,-2.98023e-08,-1,1,0,0,0,0,1,0,-1,0,0,1,0],
    "vertices":[1.12062,1.03389,1.4126,1.12062,3.03389,1.4126,1.12062,1.03389,-0.587396,1.12062,3.03389,-0.587396,3.12062,1.03389,1.4126,3.12062,3.03389,1.4126,3.12062,1.03389,-0.587396,3.12062,3.03389,-0.587396]
}